lemma,family,rationale
ورکېدل,aux_become,prefix ور+کېدل
کېدل,aux_become,auxiliary; irregular present stem کېږ-
کول,aux_do,suppletive perfective stem کړ-
نیول,capture_take,perfective ونی-
خوړل,consume_eat,perfective وخور-
راکول,give,prefix + کول → راکړ- in perfective
ورکول,give,prefix + کول → ورکړ- in perfective
راتلل,motion_come,derived from تلل with را- prefix
راوتل,motion_come_out,prefix + motion
وتل,motion_exit,motion; often suppletive perfective forms
تلل,motion_go,suppletive perfective root لاړل
ورتلل,motion_go,prefix ور+تلل
لیدل,perception_see,stems وین-/ووین-
آبادېدل,potential_irregular,ending heuristic (یل/ېدل/ستل)
آبدارېدل,potential_irregular,ending heuristic (یل/ېدل/ستل)
آزادېدل,potential_irregular,ending heuristic (یل/ېدل/ستل)
آماده کېدل,potential_irregular,ending heuristic (یل/ېدل/ستل)
آورېدل,potential_irregular,ending heuristic (یل/ېدل/ستل)
ابلاغېدل,potential_irregular,ending heuristic (یل/ېدل/ستل)
اثباتېدل,potential_irregular,ending heuristic (یل/ېدل/ستل)
احاطه کېدل,potential_irregular,ending heuristic (یل/ېدل/ستل)
احساسېدل,potential_irregular,ending heuristic (یل/ېدل/ستل)
احضارېدل,potential_irregular,ending heuristic (یل/ېدل/ستل)
اختطاف کېدل,potential_irregular,ending heuristic (یل/ېدل/ستل)
اخستل,potential_irregular,ending heuristic (یل/ېدل/ستل)
اخلالېدل,potential_irregular,ending heuristic (یل/ېدل/ستل)
اخیستل,potential_irregular,ending heuristic (یل/ېدل/ستل)
ادا کېدل,potential_irregular,ending heuristic (یل/ېدل/ستل)
ادغامېدل,potential_irregular,ending heuristic (یل/ېدل/ستل)
ارتاوېدل,potential_irregular,ending heuristic (یل/ېدل/ستل)
ارزېدل,potential_irregular,ending heuristic (یل/ېدل/ستل)
اروېدل,potential_irregular,ending heuristic (یل/ېدل/ستل)
ازارېدل,potential_irregular,ending heuristic (یل/ېدل/ستل)
ازمایل,potential_irregular,ending heuristic (یل/ېدل/ستل)
ازمویل,potential_irregular,ending heuristic (یل/ېدل/ستل)
ازمیښت کېدل,potential_irregular,ending heuristic (یل/ېدل/ستل)
اسانېدل,potential_irregular,ending heuristic (یل/ېدل/ستل)
استثمارېدل,potential_irregular,ending heuristic (یل/ېدل/ستل)
استعمالېدل,potential_irregular,ending heuristic (یل/ېدل/ستل)
اسیر کېدل,potential_irregular,ending heuristic (یل/ېدل/ستل)
اشنا کېدل,potential_irregular,ending heuristic (یل/ېدل/ستل)
اصلاح کېدل,potential_irregular,ending heuristic (یل/ېدل/ستل)
اظهارېدل,potential_irregular,ending heuristic (یل/ېدل/ستل)
اعدامېدل,potential_irregular,ending heuristic (یل/ېدل/ستل)
اعلامېدل,potential_irregular,ending heuristic (یل/ېدل/ستل)
اعلانېدل,potential_irregular,ending heuristic (یل/ېدل/ستل)
اغستل,potential_irregular,ending heuristic (یل/ېدل/ستل)
اغوستل,potential_irregular,ending heuristic (یل/ېدل/ستل)
اغېړېدل,potential_irregular,ending heuristic (یل/ېدل/ستل)
امبارېدل,potential_irregular,ending heuristic (یل/ېدل/ستل)
امتحان اخیستل,potential_irregular,ending heuristic (یل/ېدل/ستل)
اموخته کېدل,potential_irregular,ending heuristic (یل/ېدل/ستل)
انبارېدل,potential_irregular,ending heuristic (یل/ېدل/ستل)
انتقال کېدل,potential_irregular,ending heuristic (یل/ېدل/ستل)
انجامېدل,potential_irregular,ending heuristic (یل/ېدل/ستل)
انکاري کېدل,potential_irregular,ending heuristic (یل/ېدل/ستل)
اهل کېدل,potential_irregular,ending heuristic (یل/ېدل/ستل)
اوبېدل,potential_irregular,ending heuristic (یل/ېدل/ستل)
اوترېدل,potential_irregular,ending heuristic (یل/ېدل/ستل)
اودرېدل,potential_irregular,ending heuristic (یل/ېدل/ستل)
اوده کېدل,potential_irregular,ending heuristic (یل/ېدل/ستل)
اور اخیستل,potential_irregular,ending heuristic (یل/ېدل/ستل)
اورېدل,potential_irregular,ending heuristic (یل/ېدل/ستل)
اوزګارېدل,potential_irregular,ending heuristic (یل/ېدل/ستل)
اوسېدل,potential_irregular,ending heuristic (یل/ېدل/ستل)
اوچتېدل,potential_irregular,ending heuristic (یل/ېدل/ستل)
اوړه کېدل,potential_irregular,ending heuristic (یل/ېدل/ستل)
اوړېدل,potential_irregular,ending heuristic (یل/ېدل/ستل)
اوږدېدل,potential_irregular,ending heuristic (یل/ېدل/ستل)
اوېزانېدل,potential_irregular,ending heuristic (یل/ېدل/ستل)
اړ کېدل,potential_irregular,ending heuristic (یل/ېدل/ستل)
اړېدل,potential_irregular,ending heuristic (یل/ېدل/ستل)
اږیل,potential_irregular,ending heuristic (یل/ېدل/ستل)
اګاه کېدل,potential_irregular,ending heuristic (یل/ېدل/ستل)
ایجابېدل,potential_irregular,ending heuristic (یل/ېدل/ستل)
ایجاد کېدل,potential_irregular,ending heuristic (یل/ېدل/ستل)
ایسارېدل,potential_irregular,ending heuristic (یل/ېدل/ستل)
ایستل,potential_irregular,ending heuristic (یل/ېدل/ستل)
ایسېدل,potential_irregular,ending heuristic (یل/ېدل/ستل)
ایشېدل,potential_irregular,ending heuristic (یل/ېدل/ستل)
ایله کېدل,potential_irregular,ending heuristic (یل/ېدل/ستل)
اېستل,potential_irregular,ending heuristic (یل/ېدل/ستل)
اېسېدل,potential_irregular,ending heuristic (یل/ېدل/ستل)
اېشېدل,potential_irregular,ending heuristic (یل/ېدل/ستل)
بابېدل,potential_irregular,ending heuristic (یل/ېدل/ستل)
بادېدل,potential_irregular,ending heuristic (یل/ېدل/ستل)
باطلېدل,potential_irregular,ending heuristic (یل/ېدل/ستل)
بحال کېدل,potential_irregular,ending heuristic (یل/ېدل/ستل)
بختور کېدل,potential_irregular,ending heuristic (یل/ېدل/ستل)
بد رد ویل,potential_irregular,ending heuristic (یل/ېدل/ستل)
بدترېدل,potential_irregular,ending heuristic (یل/ېدل/ستل)
بدل اخیستل,potential_irregular,ending heuristic (یل/ېدل/ستل)
بدله اخیستل,potential_irregular,ending heuristic (یل/ېدل/ستل)
بدلېدل,potential_irregular,ending heuristic (یل/ېدل/ستل)
بدېدل,potential_irregular,ending heuristic (یل/ېدل/ستل)
برائت کېدل,potential_irregular,ending heuristic (یل/ېدل/ستل)
برابرېدل,potential_irregular,ending heuristic (یل/ېدل/ستل)
برالبېدل,potential_irregular,ending heuristic (یل/ېدل/ستل)
بربادېدل,potential_irregular,ending heuristic (یل/ېدل/ستل)
بربنډېدل,potential_irregular,ending heuristic (یل/ېدل/ستل)
برخه اخستل,potential_irregular,ending heuristic (یل/ېدل/ستل)
برش کېدل,potential_irregular,ending heuristic (یل/ېدل/ستل)
برطرف کېدل,potential_irregular,ending heuristic (یل/ېدل/ستل)
برقرارېدل,potential_irregular,ending heuristic (یل/ېدل/ستل)
برمه کېدل,potential_irregular,ending heuristic (یل/ېدل/ستل)
بره کېدل,potential_irregular,ending heuristic (یل/ېدل/ستل)
برهمېدل,potential_irregular,ending heuristic (یل/ېدل/ستل)
بري کېدل,potential_irregular,ending heuristic (یل/ېدل/ستل)
برېښېدل,potential_irregular,ending heuristic (یل/ېدل/ستل)
بستر کېدل,potential_irregular,ending heuristic (یل/ېدل/ستل)
بسته کېدل,potential_irregular,ending heuristic (یل/ېدل/ستل)
بشپړېدل,potential_irregular,ending heuristic (یل/ېدل/ستل)
بلدېدل,potential_irregular,ending heuristic (یل/ېدل/ستل)
بلوسېدل,potential_irregular,ending heuristic (یل/ېدل/ستل)
بلېدل,potential_irregular,ending heuristic (یل/ېدل/ستل)
بندي کېدل,potential_irregular,ending heuristic (یل/ېدل/ستل)
بندېدل,potential_irregular,ending heuristic (یل/ېدل/ستل)
بنګېدل,potential_irregular,ending heuristic (یل/ېدل/ستل)
بهر کېدل,potential_irregular,ending heuristic (یل/ېدل/ستل)
بهېدل,potential_irregular,ending heuristic (یل/ېدل/ستل)
بودېدل,potential_irregular,ending heuristic (یل/ېدل/ستل)
بورېدل,potential_irregular,ending heuristic (یل/ېدل/ستل)
بونګېدل,potential_irregular,ending heuristic (یل/ېدل/ستل)
بوڅېدل,potential_irregular,ending heuristic (یل/ېدل/ستل)
بوکېدل,potential_irregular,ending heuristic (یل/ېدل/ستل)
بوڼېدل,potential_irregular,ending heuristic (یل/ېدل/ستل)
بچ کېدل,potential_irregular,ending heuristic (یل/ېدل/ستل)
بړېدل,potential_irregular,ending heuristic (یل/ېدل/ستل)
بږنېدل,potential_irregular,ending heuristic (یل/ېدل/ستل)
بږی اخیستل,potential_irregular,ending heuristic (یل/ېدل/ستل)
بک کېدل,potential_irregular,ending heuristic (یل/ېدل/ستل)
بکېدل,potential_irregular,ending heuristic (یل/ېدل/ستل)
بڼیا کېدل,potential_irregular,ending heuristic (یل/ېدل/ستل)
بڼېدل,potential_irregular,ending heuristic (یل/ېدل/ستل)
بیانېدل,potential_irregular,ending heuristic (یل/ېدل/ستل)
بیدېدل,potential_irregular,ending heuristic (یل/ېدل/ستل)
بیمه کېدل,potential_irregular,ending heuristic (یل/ېدل/ستل)
بیېدل,potential_irregular,ending heuristic (یل/ېدل/ستل)
بې حس کېدل,potential_irregular,ending heuristic (یل/ېدل/ستل)
بې سده کېدل,potential_irregular,ending heuristic (یل/ېدل/ستل)
بې لارې کېدل,potential_irregular,ending heuristic (یل/ېدل/ستل)
بې موراله کېدل,potential_irregular,ending heuristic (یل/ېدل/ستل)
بې هوشه کېدل,potential_irregular,ending heuristic (یل/ېدل/ستل)
بېرانېدل,potential_irregular,ending heuristic (یل/ېدل/ستل)
بېرېدل,potential_irregular,ending heuristic (یل/ېدل/ستل)
بېزاره کېدل,potential_irregular,ending heuristic (یل/ېدل/ستل)
بېزارېدل,potential_irregular,ending heuristic (یل/ېدل/ستل)
بېسده کېدل,potential_irregular,ending heuristic (یل/ېدل/ستل)
بېلېدل,potential_irregular,ending heuristic (یل/ېدل/ستل)
بېهو کېدل,potential_irregular,ending heuristic (یل/ېدل/ستل)
تار په تارېدل,potential_irregular,ending heuristic (یل/ېدل/ستل)
تازه کېدل,potential_irregular,ending heuristic (یل/ېدل/ستل)
تامینېدل,potential_irregular,ending heuristic (یل/ېدل/ستل)
تاو کېدل,potential_irregular,ending heuristic (یل/ېدل/ستل)
تاوېدل,potential_irregular,ending heuristic (یل/ېدل/ستل)
تاییدېدل,potential_irregular,ending heuristic (یل/ېدل/ستل)
تباه کېدل,potential_irregular,ending heuristic (یل/ېدل/ستل)
تبدیلېدل,potential_irregular,ending heuristic (یل/ېدل/ستل)
تتر بتر کېدل,potential_irregular,ending heuristic (یل/ېدل/ستل)
تجدیدېدل,potential_irregular,ending heuristic (یل/ېدل/ستل)
تجلیلېدل,potential_irregular,ending heuristic (یل/ېدل/ستل)
تحلیلېدل,potential_irregular,ending heuristic (یل/ېدل/ستل)
تحویلېدل,potential_irregular,ending heuristic (یل/ېدل/ستل)
تخصیص کېدل,potential_irregular,ending heuristic (یل/ېدل/ستل)
تخڼېدل,potential_irregular,ending heuristic (یل/ېدل/ستل)
تخېدل,potential_irregular,ending heuristic (یل/ېدل/ستل)
تدفینېدل,potential_irregular,ending heuristic (یل/ېدل/ستل)
تر شا کېدل,potential_irregular,ending heuristic (یل/ېدل/ستل)
تر لاسه کېدل,potential_irregular,ending heuristic (یل/ېدل/ستل)
تربت کېدل,potential_irregular,ending heuristic (یل/ېدل/ستل)
ترجمه کېدل,potential_irregular,ending heuristic (یل/ېدل/ستل)
ترخېدل,potential_irregular,ending heuristic (یل/ېدل/ستل)
تردیدېدل,potential_irregular,ending heuristic (یل/ېدل/ستل)
ترسره کېدل,potential_irregular,ending heuristic (یل/ېدل/ستل)
ترسیمېدل,potential_irregular,ending heuristic (یل/ېدل/ستل)
ترمیمېدل,potential_irregular,ending heuristic (یل/ېدل/ستل)
ترهېدل,potential_irregular,ending heuristic (یل/ېدل/ستل)
ترورېدل,potential_irregular,ending heuristic (یل/ېدل/ستل)
ترپېدل,potential_irregular,ending heuristic (یل/ېدل/ستل)
ترکېدل,potential_irregular,ending heuristic (یل/ېدل/ستل)
تزنېدل,potential_irregular,ending heuristic (یل/ېدل/ستل)
تس نس کېدل,potential_irregular,ending heuristic (یل/ېدل/ستل)
تسخیر کېدل,potential_irregular,ending heuristic (یل/ېدل/ستل)
تسلیمېدل,potential_irregular,ending heuristic (یل/ېدل/ستل)
تسکین کېدل,potential_irregular,ending heuristic (یل/ېدل/ستل)
تشخیصېدل,potential_irregular,ending heuristic (یل/ېدل/ستل)
تشېدل,potential_irregular,ending heuristic (یل/ېدل/ستل)
تصدیق کېدل,potential_irregular,ending heuristic (یل/ېدل/ستل)
تطبیقېدل,potential_irregular,ending heuristic (یل/ېدل/ستل)
تعبیرېدل,potential_irregular,ending heuristic (یل/ېدل/ستل)
تعذیبېدل,potential_irregular,ending heuristic (یل/ېدل/ستل)
تعقیبېدل,potential_irregular,ending heuristic (یل/ېدل/ستل)
تعمیم کېدل,potential_irregular,ending heuristic (یل/ېدل/ستل)
تقسیمېدل,potential_irregular,ending heuristic (یل/ېدل/ستل)
تلافي کېدل,potential_irregular,ending heuristic (یل/ېدل/ستل)
تمامېدل,potential_irregular,ending heuristic (یل/ېدل/ستل)
تمبېدل,potential_irregular,ending heuristic (یل/ېدل/ستل)
تمدیدېدل,potential_irregular,ending heuristic (یل/ېدل/ستل)
تمېدل,potential_irregular,ending heuristic (یل/ېدل/ستل)
تندېدل,potential_irregular,ending heuristic (یل/ېدل/ستل)
تنګېدل,potential_irregular,ending heuristic (یل/ېدل/ستل)
تنېدل,potential_irregular,ending heuristic (یل/ېدل/ستل)
توانېدل,potential_irregular,ending heuristic (یل/ېدل/ستل)
توبه ایستل,potential_irregular,ending heuristic (یل/ېدل/ستل)
توبه ویستل,potential_irregular,ending heuristic (یل/ېدل/ستل)
تودېدل,potential_irregular,ending heuristic (یل/ېدل/ستل)
تورنېدل,potential_irregular,ending heuristic (یل/ېدل/ستل)
توقیفېدل,potential_irregular,ending heuristic (یل/ېدل/ستل)
تولیدېدل,potential_irregular,ending heuristic (یل/ېدل/ستل)
توهینېدل,potential_irregular,ending heuristic (یل/ېدل/ستل)
تویېدل,potential_irregular,ending heuristic (یل/ېدل/ستل)
تپېدل,potential_irregular,ending heuristic (یل/ېدل/ستل)
تړپېدل,potential_irregular,ending heuristic (یل/ېدل/ستل)
تږی کېدل,potential_irregular,ending heuristic (یل/ېدل/ستل)
تښتېدل,potential_irregular,ending heuristic (یل/ېدل/ستل)
تکرارېدل,potential_irregular,ending heuristic (یل/ېدل/ستل)
تکمیلېدل,potential_irregular,ending heuristic (یل/ېدل/ستل)
تڼاکي کېدل,potential_irregular,ending heuristic (یل/ېدل/ستل)
تیارېدل,potential_irregular,ending heuristic (یل/ېدل/ستل)
تېره کېدل,potential_irregular,ending heuristic (یل/ېدل/ستل)
تېرېدل,potential_irregular,ending heuristic (یل/ېدل/ستل)
تېزېدل,potential_irregular,ending heuristic (یل/ېدل/ستل)
ثابتېدل,potential_irregular,ending heuristic (یل/ېدل/ستل)
ثبتېدل,potential_irregular,ending heuristic (یل/ېدل/ستل)
جاج اخیستل,potential_irregular,ending heuristic (یل/ېدل/ستل)
جارېدل,potential_irregular,ending heuristic (یل/ېدل/ستل)
جانجېدل,potential_irregular,ending heuristic (یل/ېدل/ستل)
جایزه اخیستل,potential_irregular,ending heuristic (یل/ېدل/ستل)
جبرانېدل,potential_irregular,ending heuristic (یل/ېدل/ستل)
جختېدل,potential_irregular,ending heuristic (یل/ېدل/ستل)
جدا کېدل,potential_irregular,ending heuristic (یل/ېدل/ستل)
جذباتي کېدل,potential_irregular,ending heuristic (یل/ېدل/ستل)
جذبېدل,potential_irregular,ending heuristic (یل/ېدل/ستل)
جلا کېدل,potential_irregular,ending heuristic (یل/ېدل/ستل)
جمعه کېدل,potential_irregular,ending heuristic (یل/ېدل/ستل)
جنګېدل,potential_irregular,ending heuristic (یل/ېدل/ستل)
جوتېدل,potential_irregular,ending heuristic (یل/ېدل/ستل)
جوختېدل,potential_irregular,ending heuristic (یل/ېدل/ستل)
جوړېدل,potential_irregular,ending heuristic (یل/ېدل/ستل)
جګېدل,potential_irregular,ending heuristic (یل/ېدل/ستل)
حاصلېدل,potential_irregular,ending heuristic (یل/ېدل/ستل)
حاضرېدل,potential_irregular,ending heuristic (یل/ېدل/ستل)
حذفېدل,potential_irregular,ending heuristic (یل/ېدل/ستل)
حسابېدل,potential_irregular,ending heuristic (یل/ېدل/ستل)
حصارېدل,potential_irregular,ending heuristic (یل/ېدل/ستل)
حصه اخیستل,potential_irregular,ending heuristic (یل/ېدل/ستل)
حل کېدل,potential_irregular,ending heuristic (یل/ېدل/ستل)
حلېدل,potential_irregular,ending heuristic (یل/ېدل/ستل)
حمل کېدل,potential_irregular,ending heuristic (یل/ېدل/ستل)
حیرانېدل,potential_irregular,ending heuristic (یل/ېدل/ستل)
خارجېدل,potential_irregular,ending heuristic (یل/ېدل/ستل)
خارښتېدل,potential_irregular,ending heuristic (یل/ېدل/ستل)
خاموشه کېدل,potential_irregular,ending heuristic (یل/ېدل/ستل)
خبرېدل,potential_irregular,ending heuristic (یل/ېدل/ستل)
ختمېدل,potential_irregular,ending heuristic (یل/ېدل/ستل)
خرابېدل,potential_irregular,ending heuristic (یل/ېدل/ستل)
خرټېدل,potential_irregular,ending heuristic (یل/ېدل/ستل)
خرپېدل,potential_irregular,ending heuristic (یل/ېدل/ستل)
خرڅېدل,potential_irregular,ending heuristic (یل/ېدل/ستل)
خرړېدل,potential_irregular,ending heuristic (یل/ېدل/ستل)
خریل,potential_irregular,ending heuristic (یل/ېدل/ستل)
خرېدل,potential_irregular,ending heuristic (یل/ېدل/ستل)
خرېیل,potential_irregular,ending heuristic (یل/ېدل/ستل)
خزانه کېدل,potential_irregular,ending heuristic (یل/ېدل/ستل)
خسي کېدل,potential_irregular,ending heuristic (یل/ېدل/ستل)
خطا کېدل,potential_irregular,ending heuristic (یل/ېدل/ستل)
خطبه ویل,potential_irregular,ending heuristic (یل/ېدل/ستل)
خفه کېدل,potential_irregular,ending heuristic (یل/ېدل/ستل)
خلاصه کېدل,potential_irregular,ending heuristic (یل/ېدل/ستل)
خلاصېدل,potential_irregular,ending heuristic (یل/ېدل/ستل)
خمېدل,potential_irregular,ending heuristic (یل/ېدل/ستل)
خندېدل,potential_irregular,ending heuristic (یل/ېدل/ستل)
خواټولی کېدل,potential_irregular,ending heuristic (یل/ېدل/ستل)
خورېدل,potential_irregular,ending heuristic (یل/ېدل/ستل)
خوشالېدل,potential_irregular,ending heuristic (یل/ېدل/ستل)
خوشتېدل,potential_irregular,ending heuristic (یل/ېدل/ستل)
خوشحاله کېدل,potential_irregular,ending heuristic (یل/ېدل/ستل)
خوشحالېدل,potential_irregular,ending heuristic (یل/ېدل/ستل)
خوټ کېدل,potential_irregular,ending heuristic (یل/ېدل/ستل)
خوټکېدل,potential_irregular,ending heuristic (یل/ېدل/ستل)
خوټېدل,potential_irregular,ending heuristic (یل/ېدل/ستل)
خوځېدل,potential_irregular,ending heuristic (یل/ېدل/ستل)
خوړینېدل,potential_irregular,ending heuristic (یل/ېدل/ستل)
خوږمنېدل,potential_irregular,ending heuristic (یل/ېدل/ستل)
خوږېدل,potential_irregular,ending heuristic (یل/ېدل/ستل)
خوښېدل,potential_irregular,ending heuristic (یل/ېدل/ستل)
خټکېدل,potential_irregular,ending heuristic (یل/ېدل/ستل)
خپرېدل,potential_irregular,ending heuristic (یل/ېدل/ستل)
خپلېدل,potential_irregular,ending heuristic (یل/ېدل/ستل)
خړوبېدل,potential_irregular,ending heuristic (یل/ېدل/ستل)
خړېدل,potential_irregular,ending heuristic (یل/ېدل/ستل)
خښېدل,potential_irregular,ending heuristic (یل/ېدل/ستل)
خیشتېدل,potential_irregular,ending heuristic (یل/ېدل/ستل)
داخلېدل,potential_irregular,ending heuristic (یل/ېدل/ستل)
دایرېدل,potential_irregular,ending heuristic (یل/ېدل/ستل)
دربلېدل,potential_irregular,ending heuristic (یل/ېدل/ستل)
دربېدل,potential_irregular,ending heuristic (یل/ېدل/ستل)
دردېدل,potential_irregular,ending heuristic (یل/ېدل/ستل)
درزېدل,potential_irregular,ending heuristic (یل/ېدل/ستل)
درستېدل,potential_irregular,ending heuristic (یل/ېدل/ستل)
درغېدل,potential_irregular,ending heuristic (یل/ېدل/ستل)
درنېدل,potential_irregular,ending heuristic (یل/ېدل/ستل)
دروغ ویل,potential_irregular,ending heuristic (یل/ېدل/ستل)
دریافت کېدل,potential_irregular,ending heuristic (یل/ېدل/ستل)
درېدل,potential_irregular,ending heuristic (یل/ېدل/ستل)
دفن کېدل,potential_irregular,ending heuristic (یل/ېدل/ستل)
دلېدل,potential_irregular,ending heuristic (یل/ېدل/ستل)
دمېدل,potential_irregular,ending heuristic (یل/ېدل/ستل)
دننه کېدل,potential_irregular,ending heuristic (یل/ېدل/ستل)
دورېدل,potential_irregular,ending heuristic (یل/ېدل/ستل)
دوزانو کښېنستل,potential_irregular,ending heuristic (یل/ېدل/ستل)
دوړېدل,potential_irregular,ending heuristic (یل/ېدل/ستل)
دوکه کېدل,potential_irregular,ending heuristic (یل/ېدل/ستل)
ذبح کېدل,potential_irregular,ending heuristic (یل/ېدل/ستل)
رائجېدل,potential_irregular,ending heuristic (یل/ېدل/ستل)
راجع کېدل,potential_irregular,ending heuristic (یل/ېدل/ستل)
راستنېدل,potential_irregular,ending heuristic (یل/ېدل/ستل)
راستونېدل,potential_irregular,ending heuristic (یل/ېدل/ستل)
راوستل,potential_irregular,ending heuristic (یل/ېدل/ستل)
راویښېدل,potential_irregular,ending heuristic (یل/ېدل/ستل)
راټولېدل,potential_irregular,ending heuristic (یل/ېدل/ستل)
راپورته کېدل,potential_irregular,ending heuristic (یل/ېدل/ستل)
راکوزېدل,potential_irregular,ending heuristic (یل/ېدل/ستل)
ربلېدل,potential_irregular,ending heuristic (یل/ېدل/ستل)
رجسټر کېدل,potential_irregular,ending heuristic (یل/ېدل/ستل)
رحمېدل,potential_irregular,ending heuristic (یل/ېدل/ستل)
رخصت کېدل,potential_irregular,ending heuristic (یل/ېدل/ستل)
رد کېدل,potential_irregular,ending heuristic (یل/ېدل/ستل)
ردېدل,potential_irregular,ending heuristic (یل/ېدل/ستل)
رسمېدل,potential_irregular,ending heuristic (یل/ېدل/ستل)
رسوا کېدل,potential_irregular,ending heuristic (یل/ېدل/ستل)
رسېدل,potential_irregular,ending heuristic (یل/ېدل/ستل)
رشوت اخیستل,potential_irregular,ending heuristic (یل/ېدل/ستل)
رغړېدل,potential_irregular,ending heuristic (یل/ېدل/ستل)
رغېدل,potential_irregular,ending heuristic (یل/ېدل/ستل)
رفع کېدل,potential_irregular,ending heuristic (یل/ېدل/ستل)
رنځېدل,potential_irregular,ending heuristic (یل/ېدل/ستل)
رنګېدل,potential_irregular,ending heuristic (یل/ېدل/ستل)
رهي کېدل,potential_irregular,ending heuristic (یل/ېدل/ستل)
روانېدل,potential_irregular,ending heuristic (یل/ېدل/ستل)
روغېدل,potential_irregular,ending heuristic (یل/ېدل/ستل)
روږدی کېدل,potential_irregular,ending heuristic (یل/ېدل/ستل)
روږدېدل,potential_irregular,ending heuristic (یل/ېدل/ستل)
روښانېدل,potential_irregular,ending heuristic (یل/ېدل/ستل)
روښنایي کېدل,potential_irregular,ending heuristic (یل/ېدل/ستل)
رویکارېدل,potential_irregular,ending heuristic (یل/ېدل/ستل)
رټېدل,potential_irregular,ending heuristic (یل/ېدل/ستل)
رپېدل,potential_irregular,ending heuristic (یل/ېدل/ستل)
رډېدل,potential_irregular,ending heuristic (یل/ېدل/ستل)
رژېدل,potential_irregular,ending heuristic (یل/ېدل/ستل)
رڼا کېدل,potential_irregular,ending heuristic (یل/ېدل/ستل)
ریل,potential_irregular,ending heuristic (یل/ېدل/ستل)
ریټایر کېدل,potential_irregular,ending heuristic (یل/ېدل/ستل)
ریچې ریچې کېدل,potential_irregular,ending heuristic (یل/ېدل/ستل)
ریکارډ کېدل,potential_irregular,ending heuristic (یل/ېدل/ستل)
رېزه رېزه کېدل,potential_irregular,ending heuristic (یل/ېدل/ستل)
رېږدېدل,potential_irregular,ending heuristic (یل/ېدل/ستل)
زخمي کېدل,potential_irregular,ending heuristic (یل/ېدل/ستل)
زرغونېدل,potential_irregular,ending heuristic (یل/ېدل/ستل)
زره زره کېدل,potential_irregular,ending heuristic (یل/ېدل/ستل)
زلقېدل,potential_irregular,ending heuristic (یل/ېدل/ستل)
زلکېدل,potential_irregular,ending heuristic (یل/ېدل/ستل)
زمولېدل,potential_irregular,ending heuristic (یل/ېدل/ستل)
زنګ اخستل,potential_irregular,ending heuristic (یل/ېدل/ستل)
زنګېدل,potential_irregular,ending heuristic (یل/ېدل/ستل)
زهیرېدل,potential_irregular,ending heuristic (یل/ېدل/ستل)
زورېدل,potential_irregular,ending heuristic (یل/ېدل/ستل)
زوړندېدل,potential_irregular,ending heuristic (یل/ېدل/ستل)
زړه نا زړه کېدل,potential_irregular,ending heuristic (یل/ېدل/ستل)
زړېدل,potential_irregular,ending heuristic (یل/ېدل/ستل)
زیات کېدل,potential_irregular,ending heuristic (یل/ېدل/ستل)
زیاتېدل,potential_irregular,ending heuristic (یل/ېدل/ستل)
زیږېدل,potential_irregular,ending heuristic (یل/ېدل/ستل)
زېږېدل,potential_irregular,ending heuristic (یل/ېدل/ستل)
سا اخستل,potential_irregular,ending heuristic (یل/ېدل/ستل)
سا اخیستل,potential_irregular,ending heuristic (یل/ېدل/ستل)
سازېدل,potential_irregular,ending heuristic (یل/ېدل/ستل)
سانسورېدل,potential_irregular,ending heuristic (یل/ېدل/ستل)
ساه اخیستل,potential_irregular,ending heuristic (یل/ېدل/ستل)
سبق وایل,potential_irregular,ending heuristic (یل/ېدل/ستل)
سبق ویل,potential_irregular,ending heuristic (یل/ېدل/ستل)
ستایل,potential_irregular,ending heuristic (یل/ېدل/ستل)
ستل,potential_irregular,ending heuristic (یل/ېدل/ستل)
ستمېدل,potential_irregular,ending heuristic (یل/ېدل/ستل)
ستنېدل,potential_irregular,ending heuristic (یل/ېدل/ستل)
ستومانه کېدل,potential_irregular,ending heuristic (یل/ېدل/ستل)
ستومانېدل,potential_irregular,ending heuristic (یل/ېدل/ستل)
ستړی کېدل,potential_irregular,ending heuristic (یل/ېدل/ستل)
ستړېدل,potential_irregular,ending heuristic (یل/ېدل/ستل)
سخا کېدل,potential_irregular,ending heuristic (یل/ېدل/ستل)
سختېدل,potential_irregular,ending heuristic (یل/ېدل/ستل)
سرتورېدل,potential_irregular,ending heuristic (یل/ېدل/ستل)
سریښېدل,potential_irregular,ending heuristic (یل/ېدل/ستل)
سستېدل,potential_irregular,ending heuristic (یل/ېدل/ستل)
سقوطېدل,potential_irregular,ending heuristic (یل/ېدل/ستل)
سمبالېدل,potential_irregular,ending heuristic (یل/ېدل/ستل)
سمېدل,potential_irregular,ending heuristic (یل/ېدل/ستل)
سنت کېدل,potential_irregular,ending heuristic (یل/ېدل/ستل)
سنتېدل,potential_irregular,ending heuristic (یل/ېدل/ستل)
سندرې ویل,potential_irregular,ending heuristic (یل/ېدل/ستل)
سنګارېدل,potential_irregular,ending heuristic (یل/ېدل/ستل)
سنګسارېدل,potential_irregular,ending heuristic (یل/ېدل/ستل)
سنېدل,potential_irregular,ending heuristic (یل/ېدل/ستل)
سور کېدل,potential_irregular,ending heuristic (یل/ېدل/ستل)
سوری کېدل,potential_irregular,ending heuristic (یل/ېدل/ستل)
سورېدل,potential_irregular,ending heuristic (یل/ېدل/ستل)
سوق کېدل,potential_irregular,ending heuristic (یل/ېدل/ستل)
سولېدل,potential_irregular,ending heuristic (یل/ېدل/ستل)
سونګېدل,potential_irregular,ending heuristic (یل/ېدل/ستل)
سوځېدل,potential_irregular,ending heuristic (یل/ېدل/ستل)
سټېدل,potential_irregular,ending heuristic (یل/ېدل/ستل)
سپخېدل,potential_irregular,ending heuristic (یل/ېدل/ستل)
سپرې کېدل,potential_irregular,ending heuristic (یل/ېدل/ستل)
سپرېدل,potential_irregular,ending heuristic (یل/ېدل/ستل)
سپلای کېدل,potential_irregular,ending heuristic (یل/ېدل/ستل)
سپورېدل,potential_irregular,ending heuristic (یل/ېدل/ستل)
سپړېدل,potential_irregular,ending heuristic (یل/ېدل/ستل)
سپکې سپورې ویل,potential_irregular,ending heuristic (یل/ېدل/ستل)
سړېدل,potential_irregular,ending heuristic (یل/ېدل/ستل)
سکویل,potential_irregular,ending heuristic (یل/ېدل/ستل)
سیده کېدل,potential_irregular,ending heuristic (یل/ېدل/ستل)
سېټ کېدل,potential_irregular,ending heuristic (یل/ېدل/ستل)
شاته کېدل,potential_irregular,ending heuristic (یل/ېدل/ستل)
شاملېدل,potential_irregular,ending heuristic (یل/ېدل/ستل)
شاهدي وایل,potential_irregular,ending heuristic (یل/ېدل/ستل)
شاړېدل,potential_irregular,ending heuristic (یل/ېدل/ستل)
شخېدل,potential_irregular,ending heuristic (یل/ېدل/ستل)
شرحه کېدل,potential_irregular,ending heuristic (یل/ېدل/ستل)
شرمنده کېدل,potential_irregular,ending heuristic (یل/ېدل/ستل)
شرمېدل,potential_irregular,ending heuristic (یل/ېدل/ستل)
شرنګېدل,potential_irregular,ending heuristic (یل/ېدل/ستل)
شروع کېدل,potential_irregular,ending heuristic (یل/ېدل/ستل)
شریکېدل,potential_irregular,ending heuristic (یل/ېدل/ستل)
شرېدل,potential_irregular,ending heuristic (یل/ېدل/ستل)
شلېدل,potential_irregular,ending heuristic (یل/ېدل/ستل)
شمارېدل,potential_irregular,ending heuristic (یل/ېدل/ستل)
شنډېدل,potential_irregular,ending heuristic (یل/ېدل/ستل)
شوارېدل,potential_irregular,ending heuristic (یل/ېدل/ستل)
شورېدل,potential_irregular,ending heuristic (یل/ېدل/ستل)
شوړېدل,potential_irregular,ending heuristic (یل/ېدل/ستل)
شړمېدل,potential_irregular,ending heuristic (یل/ېدل/ستل)
شړېدل,potential_irregular,ending heuristic (یل/ېدل/ستل)
شکل ایستل,potential_irregular,ending heuristic (یل/ېدل/ستل)
شکېدل,potential_irregular,ending heuristic (یل/ېدل/ستل)
شڼېدل,potential_irregular,ending heuristic (یل/ېدل/ستل)
صادرېدل,potential_irregular,ending heuristic (یل/ېدل/ستل)
صحیح کېدل,potential_irregular,ending heuristic (یل/ېدل/ستل)
صفا کېدل,potential_irregular,ending heuristic (یل/ېدل/ستل)
ضایع کېدل,potential_irregular,ending heuristic (یل/ېدل/ستل)
طلبېدل,potential_irregular,ending heuristic (یل/ېدل/ستل)
ظاهره کېدل,potential_irregular,ending heuristic (یل/ېدل/ستل)
ظاهرېدل,potential_irregular,ending heuristic (یل/ېدل/ستل)
عادت کېدل,potential_irregular,ending heuristic (یل/ېدل/ستل)
عاشق کېدل,potential_irregular,ending heuristic (یل/ېدل/ستل)
عامېدل,potential_irregular,ending heuristic (یل/ېدل/ستل)
عبثېدل,potential_irregular,ending heuristic (یل/ېدل/ستل)
عذابېدل,potential_irregular,ending heuristic (یل/ېدل/ستل)
عملي کېدل,potential_irregular,ending heuristic (یل/ېدل/ستل)
عیانېدل,potential_irregular,ending heuristic (یل/ېدل/ستل)
غالب کېدل,potential_irregular,ending heuristic (یل/ېدل/ستل)
غایبېدل,potential_irregular,ending heuristic (یل/ېدل/ستل)
غربېدل,potential_irregular,ending heuristic (یل/ېدل/ستل)
غرقېدل,potential_irregular,ending heuristic (یل/ېدل/ستل)
غرېدل,potential_irregular,ending heuristic (یل/ېدل/ستل)
غصه کېدل,potential_irregular,ending heuristic (یل/ېدل/ستل)
غلبېل کېدل,potential_irregular,ending heuristic (یل/ېدل/ستل)
غلطېدل,potential_irregular,ending heuristic (یل/ېدل/ستل)
غلی کېدل,potential_irregular,ending heuristic (یل/ېدل/ستل)
غمجنېدل,potential_irregular,ending heuristic (یل/ېدل/ستل)
غمېدل,potential_irregular,ending heuristic (یل/ېدل/ستل)
غني کېدل,potential_irregular,ending heuristic (یل/ېدل/ستل)
غوبلېدل,potential_irregular,ending heuristic (یل/ېدل/ستل)
غورځېدل,potential_irregular,ending heuristic (یل/ېدل/ستل)
غورېدل,potential_irregular,ending heuristic (یل/ېدل/ستل)
غوزارېدل,potential_irregular,ending heuristic (یل/ېدل/ستل)
غوسه کېدل,potential_irregular,ending heuristic (یل/ېدل/ستل)
غوصه کېدل,potential_irregular,ending heuristic (یل/ېدل/ستل)
غولېدل,potential_irregular,ending heuristic (یل/ېدل/ستل)
غومېدل,potential_irregular,ending heuristic (یل/ېدل/ستل)
غونجېدل,potential_irregular,ending heuristic (یل/ېدل/ستل)
غونډېدل,potential_irregular,ending heuristic (یل/ېدل/ستل)
غوټه کېدل,potential_irregular,ending heuristic (یل/ېدل/ستل)
غوړپېدل,potential_irregular,ending heuristic (یل/ېدل/ستل)
غوړېدل,potential_irregular,ending heuristic (یل/ېدل/ستل)
غوږ کېدل,potential_irregular,ending heuristic (یل/ېدل/ستل)
غټېدل,potential_irregular,ending heuristic (یل/ېدل/ستل)
غپېدل,potential_irregular,ending heuristic (یل/ېدل/ستل)
غځېدل,potential_irregular,ending heuristic (یل/ېدل/ستل)
غچ اخیستل,potential_irregular,ending heuristic (یل/ېدل/ستل)
غړمبېدل,potential_irregular,ending heuristic (یل/ېدل/ستل)
غړندېدل,potential_irregular,ending heuristic (یل/ېدل/ستل)
غړومبېدل,potential_irregular,ending heuristic (یل/ېدل/ستل)
غړېدل,potential_irregular,ending heuristic (یل/ېدل/ستل)
غږېدل,potential_irregular,ending heuristic (یل/ېدل/ستل)
غیبېدل,potential_irregular,ending heuristic (یل/ېدل/ستل)
فارغېدل,potential_irregular,ending heuristic (یل/ېدل/ستل)
فاسدېدل,potential_irregular,ending heuristic (یل/ېدل/ستل)
فاش کېدل,potential_irregular,ending heuristic (یل/ېدل/ستل)
فراخېدل,potential_irregular,ending heuristic (یل/ېدل/ستل)
فرارېدل,potential_irregular,ending heuristic (یل/ېدل/ستل)
فرشېدل,potential_irregular,ending heuristic (یل/ېدل/ستل)
فرمایل,potential_irregular,ending heuristic (یل/ېدل/ستل)
فلج کېدل,potential_irregular,ending heuristic (یل/ېدل/ستل)
فنا کېدل,potential_irregular,ending heuristic (یل/ېدل/ستل)
فناه کېدل,potential_irregular,ending heuristic (یل/ېدل/ستل)
فېل کېدل,potential_irregular,ending heuristic (یل/ېدل/ستل)
قابو کېدل,potential_irregular,ending heuristic (یل/ېدل/ستل)
قاتېدل,potential_irregular,ending heuristic (یل/ېدل/ستل)
قانع کېدل,potential_irregular,ending heuristic (یل/ېدل/ستل)
قایمېدل,potential_irregular,ending heuristic (یل/ېدل/ستل)
قبضه کېدل,potential_irregular,ending heuristic (یل/ېدل/ستل)
قبلېدل,potential_irregular,ending heuristic (یل/ېدل/ستل)
قتلېدل,potential_irregular,ending heuristic (یل/ېدل/ستل)
قدم اخیستل,potential_irregular,ending heuristic (یل/ېدل/ستل)
قرارېدل,potential_irregular,ending heuristic (یل/ېدل/ستل)
قرباني کېدل,potential_irregular,ending heuristic (یل/ېدل/ستل)
قربانېدل,potential_irregular,ending heuristic (یل/ېدل/ستل)
قرض اخیستل,potential_irregular,ending heuristic (یل/ېدل/ستل)
قرنطینېدل,potential_irregular,ending heuristic (یل/ېدل/ستل)
قلابند کېدل,potential_irregular,ending heuristic (یل/ېدل/ستل)
قید کېدل,potential_irregular,ending heuristic (یل/ېدل/ستل)
قیمه کېدل,potential_irregular,ending heuristic (یل/ېدل/ستل)
لالهاندېدل,potential_irregular,ending heuristic (یل/ېدل/ستل)
لاندې باندې کېدل,potential_irregular,ending heuristic (یل/ېدل/ستل)
لاهو کېدل,potential_irregular,ending heuristic (یل/ېدل/ستل)
لت پت کېدل,potential_irregular,ending heuristic (یل/ېدل/ستل)
لتاړېدل,potential_irregular,ending heuristic (یل/ېدل/ستل)
لرې کېدل,potential_irregular,ending heuristic (یل/ېدل/ستل)
لرېدل,potential_irregular,ending heuristic (یل/ېدل/ستل)
لعنت ویل,potential_irregular,ending heuristic (یل/ېدل/ستل)
لغوه کېدل,potential_irregular,ending heuristic (یل/ېدل/ستل)
لغړېدل,potential_irregular,ending heuristic (یل/ېدل/ستل)
للونېدل,potential_irregular,ending heuristic (یل/ېدل/ستل)
لمبېدل,potential_irregular,ending heuristic (یل/ېدل/ستل)
لمدېدل,potential_irregular,ending heuristic (یل/ېدل/ستل)
لندېدل,potential_irregular,ending heuristic (یل/ېدل/ستل)
لنډېدل,potential_irregular,ending heuristic (یل/ېدل/ستل)
لنګېدل,potential_irregular,ending heuristic (یل/ېدل/ستل)
لوبېدل,potential_irregular,ending heuristic (یل/ېدل/ستل)
لوستل,potential_irregular,ending heuristic (یل/ېدل/ستل)
لوندېدل,potential_irregular,ending heuristic (یل/ېدل/ستل)
لوټېدل,potential_irregular,ending heuristic (یل/ېدل/ستل)
لوڅېدل,potential_irregular,ending heuristic (یل/ېدل/ستل)
لوړېدل,potential_irregular,ending heuristic (یل/ېدل/ستل)
لویېدل,potential_irregular,ending heuristic (یل/ېدل/ستل)
لوېدل,potential_irregular,ending heuristic (یل/ېدل/ستل)
لټېدل,potential_irregular,ending heuristic (یل/ېدل/ستل)
لړزېدل,potential_irregular,ending heuristic (یل/ېدل/ستل)
لږېدل,potential_irregular,ending heuristic (یل/ېدل/ستل)
لګېدل,potential_irregular,ending heuristic (یل/ېدل/ستل)
لیلامېدل,potential_irregular,ending heuristic (یل/ېدل/ستل)
لېوالېدل,potential_irregular,ending heuristic (یل/ېدل/ستل)
لېونی کېدل,potential_irregular,ending heuristic (یل/ېدل/ستل)
لېوېدل,potential_irregular,ending heuristic (یل/ېدل/ستل)
لېږدېدل,potential_irregular,ending heuristic (یل/ېدل/ستل)
ماتېدل,potential_irregular,ending heuristic (یل/ېدل/ستل)
ماشوم اخیستل,potential_irregular,ending heuristic (یل/ېدل/ستل)
مالېدل,potential_irregular,ending heuristic (یل/ېدل/ستل)
مایل کېدل,potential_irregular,ending heuristic (یل/ېدل/ستل)
مایله کېدل,potential_irregular,ending heuristic (یل/ېدل/ستل)
مایلېدل,potential_irregular,ending heuristic (یل/ېدل/ستل)
مایوسه کېدل,potential_irregular,ending heuristic (یل/ېدل/ستل)
مایوسېدل,potential_irregular,ending heuristic (یل/ېدل/ستل)
متحد کېدل,potential_irregular,ending heuristic (یل/ېدل/ستل)
متروکېدل,potential_irregular,ending heuristic (یل/ېدل/ستل)
متمدنېدل,potential_irregular,ending heuristic (یل/ېدل/ستل)
متهمېدل,potential_irregular,ending heuristic (یل/ېدل/ستل)
متوجه کېدل,potential_irregular,ending heuristic (یل/ېدل/ستل)
مجازات کېدل,potential_irregular,ending heuristic (یل/ېدل/ستل)
مجازاتېدل,potential_irregular,ending heuristic (یل/ېدل/ستل)
مجبورېدل,potential_irregular,ending heuristic (یل/ېدل/ستل)
مجهزېدل,potential_irregular,ending heuristic (یل/ېدل/ستل)
محدودېدل,potential_irregular,ending heuristic (یل/ېدل/ستل)
محرومېدل,potential_irregular,ending heuristic (یل/ېدل/ستل)
محسوسېدل,potential_irregular,ending heuristic (یل/ېدل/ستل)
محفوظ کېدل,potential_irregular,ending heuristic (یل/ېدل/ستل)
محو کېدل,potential_irregular,ending heuristic (یل/ېدل/ستل)
محکمېدل,potential_irregular,ending heuristic (یل/ېدل/ستل)
محکومېدل,potential_irregular,ending heuristic (یل/ېدل/ستل)
مخامخ کېدل,potential_irregular,ending heuristic (یل/ېدل/ستل)
مخامخېدل,potential_irregular,ending heuristic (یل/ېدل/ستل)
مختصر کېدل,potential_irregular,ending heuristic (یل/ېدل/ستل)
مختلف کېدل,potential_irregular,ending heuristic (یل/ېدل/ستل)
مخکې کېدل,potential_irregular,ending heuristic (یل/ېدل/ستل)
مخې ته کېدل,potential_irregular,ending heuristic (یل/ېدل/ستل)
مدغمېدل,potential_irregular,ending heuristic (یل/ېدل/ستل)
مدللېدل,potential_irregular,ending heuristic (یل/ېدل/ستل)
مرادېدل,potential_irregular,ending heuristic (یل/ېدل/ستل)
مراعتېدل,potential_irregular,ending heuristic (یل/ېدل/ستل)
مربوطېدل,potential_irregular,ending heuristic (یل/ېدل/ستل)
مرتبېدل,potential_irregular,ending heuristic (یل/ېدل/ستل)
مرمت کېدل,potential_irregular,ending heuristic (یل/ېدل/ستل)
مرمتېدل,potential_irregular,ending heuristic (یل/ېدل/ستل)
مروجېدل,potential_irregular,ending heuristic (یل/ېدل/ستل)
مرورېدل,potential_irregular,ending heuristic (یل/ېدل/ستل)
مزه اخیستل,potential_irregular,ending heuristic (یل/ېدل/ستل)
مستردېدل,potential_irregular,ending heuristic (یل/ېدل/ستل)
مستعفي کېدل,potential_irregular,ending heuristic (یل/ېدل/ستل)
مستند کېدل,potential_irregular,ending heuristic (یل/ېدل/ستل)
مستندېدل,potential_irregular,ending heuristic (یل/ېدل/ستل)
مستېدل,potential_irregular,ending heuristic (یل/ېدل/ستل)
مسخ کېدل,potential_irregular,ending heuristic (یل/ېدل/ستل)
مسلمانېدل,potential_irregular,ending heuristic (یل/ېدل/ستل)
مسمومېدل,potential_irregular,ending heuristic (یل/ېدل/ستل)
مسکی کېدل,potential_irregular,ending heuristic (یل/ېدل/ستل)
مسکېدل,potential_irregular,ending heuristic (یل/ېدل/ستل)
مسېدل,potential_irregular,ending heuristic (یل/ېدل/ستل)
مشتقېدل,potential_irregular,ending heuristic (یل/ېدل/ستل)
مشغولېدل,potential_irregular,ending heuristic (یل/ېدل/ستل)
مشهور کېدل,potential_irregular,ending heuristic (یل/ېدل/ستل)
مشهورېدل,potential_irregular,ending heuristic (یل/ېدل/ستل)
مضبوطېدل,potential_irregular,ending heuristic (یل/ېدل/ستل)
مطرح کېدل,potential_irregular,ending heuristic (یل/ېدل/ستل)
معلومېدل,potential_irregular,ending heuristic (یل/ېدل/ستل)
مغلوبېدل,potential_irregular,ending heuristic (یل/ېدل/ستل)
مقاله لوستل,potential_irregular,ending heuristic (یل/ېدل/ستل)
مقررېدل,potential_irregular,ending heuristic (یل/ېدل/ستل)
مقصودېدل,potential_irregular,ending heuristic (یل/ېدل/ستل)
مل کېدل,potential_irregular,ending heuristic (یل/ېدل/ستل)
ملاستل,potential_irregular,ending heuristic (یل/ېدل/ستل)
ملامتېدل,potential_irregular,ending heuristic (یل/ېدل/ستل)
ملاوېدل,potential_irregular,ending heuristic (یل/ېدل/ستل)
ملحقېدل,potential_irregular,ending heuristic (یل/ېدل/ستل)
ممکنېدل,potential_irregular,ending heuristic (یل/ېدل/ستل)
منتخب کېدل,potential_irregular,ending heuristic (یل/ېدل/ستل)
منحرفېدل,potential_irregular,ending heuristic (یل/ېدل/ستل)
منحلېدل,potential_irregular,ending heuristic (یل/ېدل/ستل)
منسوبېدل,potential_irregular,ending heuristic (یل/ېدل/ستل)
منسوخ کېدل,potential_irregular,ending heuristic (یل/ېدل/ستل)
منسوخېدل,potential_irregular,ending heuristic (یل/ېدل/ستل)
منصوبېدل,potential_irregular,ending heuristic (یل/ېدل/ستل)
منظمېدل,potential_irregular,ending heuristic (یل/ېدل/ستل)
منع کېدل,potential_irregular,ending heuristic (یل/ېدل/ستل)
منعکس کېدل,potential_irregular,ending heuristic (یل/ېدل/ستل)
منعکسېدل,potential_irregular,ending heuristic (یل/ېدل/ستل)
منفي کېدل,potential_irregular,ending heuristic (یل/ېدل/ستل)
منقبضېدل,potential_irregular,ending heuristic (یل/ېدل/ستل)
منکرېدل,potential_irregular,ending heuristic (یل/ېدل/ستل)
موسکېدل,potential_irregular,ending heuristic (یل/ېدل/ستل)
موسېدل,potential_irregular,ending heuristic (یل/ېدل/ستل)
مومیایي کېدل,potential_irregular,ending heuristic (یل/ېدل/ستل)
موندېدل,potential_irregular,ending heuristic (یل/ېدل/ستل)
مړ کېدل,potential_irregular,ending heuristic (یل/ېدل/ستل)
مړېدل,potential_irregular,ending heuristic (یل/ېدل/ستل)
مکمل کېدل,potential_irregular,ending heuristic (یل/ېدل/ستل)
مکملېدل,potential_irregular,ending heuristic (یل/ېدل/ستل)
میده کېدل,potential_irregular,ending heuristic (یل/ېدل/ستل)
میراتېدل,potential_irregular,ending heuristic (یل/ېدل/ستل)
میراث اخیستل,potential_irregular,ending heuristic (یل/ېدل/ستل)
میل کېدل,potential_irregular,ending heuristic (یل/ېدل/ستل)
مین کېدل,potential_irregular,ending heuristic (یل/ېدل/ستل)
مینېدل,potential_irregular,ending heuristic (یل/ېدل/ستل)
مېشتېدل,potential_irregular,ending heuristic (یل/ېدل/ستل)
نازلېدل,potential_irregular,ending heuristic (یل/ېدل/ستل)
نازېدل,potential_irregular,ending heuristic (یل/ېدل/ستل)
نافذېدل,potential_irregular,ending heuristic (یل/ېدل/ستل)
نامنظوره کېدل,potential_irregular,ending heuristic (یل/ېدل/ستل)
نامنظورېدل,potential_irregular,ending heuristic (یل/ېدل/ستل)
ناکامه کېدل,potential_irregular,ending heuristic (یل/ېدل/ستل)
ناکامېدل,potential_irregular,ending heuristic (یل/ېدل/ستل)
نتیجه اخستل,potential_irregular,ending heuristic (یل/ېدل/ستل)
نزدې کېدل,potential_irregular,ending heuristic (یل/ېدل/ستل)
نسکورېدل,potential_irregular,ending heuristic (یل/ېدل/ستل)
نشرېدل,potential_irregular,ending heuristic (یل/ېدل/ستل)
نصب کېدل,potential_irregular,ending heuristic (یل/ېدل/ستل)
نغومېدل,potential_irregular,ending heuristic (یل/ېدل/ستل)
نفس ایستل,potential_irregular,ending heuristic (یل/ېدل/ستل)
نهیلی کېدل,potential_irregular,ending heuristic (یل/ېدل/ستل)
نورېدل,potential_irregular,ending heuristic (یل/ېدل/ستل)
نوستل,potential_irregular,ending heuristic (یل/ېدل/ستل)
نومېدل,potential_irregular,ending heuristic (یل/ېدل/ستل)
نوږېدل,potential_irregular,ending heuristic (یل/ېدل/ستل)
نوی کېدل,potential_irregular,ending heuristic (یل/ېدل/ستل)
نڅوړېدل,potential_irregular,ending heuristic (یل/ېدل/ستل)
نڅېدل,potential_irregular,ending heuristic (یل/ېدل/ستل)
نچوړېدل,potential_irregular,ending heuristic (یل/ېدل/ستل)
نړېدل,potential_irregular,ending heuristic (یل/ېدل/ستل)
نږېدل,potential_irregular,ending heuristic (یل/ېدل/ستل)
نژدې کېدل,potential_irregular,ending heuristic (یل/ېدل/ستل)
نښلېدل,potential_irregular,ending heuristic (یل/ېدل/ستل)
نیمېدل,potential_irregular,ending heuristic (یل/ېدل/ستل)
نېزدې کېدل,potential_irregular,ending heuristic (یل/ېدل/ستل)
نېغېدل,potential_irregular,ending heuristic (یل/ېدل/ستل)
هرکلی وایل,potential_irregular,ending heuristic (یل/ېدل/ستل)
هسکېدل,potential_irregular,ending heuristic (یل/ېدل/ستل)
هضمېدل,potential_irregular,ending heuristic (یل/ېدل/ستل)
هلاکېدل,potential_irregular,ending heuristic (یل/ېدل/ستل)
هوارېدل,potential_irregular,ending heuristic (یل/ېدل/ستل)
هوسېدل,potential_irregular,ending heuristic (یل/ېدل/ستل)
هټکېدل,potential_irregular,ending heuristic (یل/ېدل/ستل)
هټېدل,potential_irregular,ending heuristic (یل/ېدل/ستل)
هک دک کېدل,potential_irregular,ending heuristic (یل/ېدل/ستل)
هک پک کېدل,potential_irregular,ending heuristic (یل/ېدل/ستل)
هڼهڼېدل,potential_irregular,ending heuristic (یل/ېدل/ستل)
هڼېدل,potential_irregular,ending heuristic (یل/ېدل/ستل)
هیبت اخیستل,potential_irregular,ending heuristic (یل/ېدل/ستل)
هیسته کېدل,potential_irregular,ending heuristic (یل/ېدل/ستل)
هېرېدل,potential_irregular,ending heuristic (یل/ېدل/ستل)
هېښېدل,potential_irregular,ending heuristic (یل/ېدل/ستل)
وادېدل,potential_irregular,ending heuristic (یل/ېدل/ستل)
واردېدل,potential_irregular,ending heuristic (یل/ېدل/ستل)
وازېدل,potential_irregular,ending heuristic (یل/ېدل/ستل)
واقع کېدل,potential_irregular,ending heuristic (یل/ېدل/ستل)
واوره کېدل,potential_irregular,ending heuristic (یل/ېدل/ستل)
واپس کېدل,potential_irregular,ending heuristic (یل/ېدل/ستل)
واکسینېدل,potential_irregular,ending heuristic (یل/ېدل/ستل)
واکمنېدل,potential_irregular,ending heuristic (یل/ېدل/ستل)
وایل,potential_irregular,ending heuristic (یل/ېدل/ستل)
ودانېدل,potential_irregular,ending heuristic (یل/ېدل/ستل)
ودېدل,potential_irregular,ending heuristic (یل/ېدل/ستل)
ورانېدل,potential_irregular,ending heuristic (یل/ېدل/ستل)
ورزېدل,potential_irregular,ending heuristic (یل/ېدل/ستل)
وروستل,potential_irregular,ending heuristic (یل/ېدل/ستل)
وروسته کېدل,potential_irregular,ending heuristic (یل/ېدل/ستل)
وروستو کېدل,potential_irregular,ending heuristic (یل/ېدل/ستل)
ورکوټی کېدل,potential_irregular,ending heuristic (یل/ېدل/ستل)
وریتېدل,potential_irregular,ending heuristic (یل/ېدل/ستل)
ورېدل,potential_irregular,ending heuristic (یل/ېدل/ستل)
وزن کېدل,potential_irregular,ending heuristic (یل/ېدل/ستل)
وصلېدل,potential_irregular,ending heuristic (یل/ېدل/ستل)
وقفېدل,potential_irregular,ending heuristic (یل/ېدل/ستل)
ولچکېدل,potential_irregular,ending heuristic (یل/ېدل/ستل)
وهمېدل,potential_irregular,ending heuristic (یل/ېدل/ستل)
ووړېدل,potential_irregular,ending heuristic (یل/ېدل/ستل)
وچېدل,potential_irregular,ending heuristic (یل/ېدل/ستل)
وړاندې کېدل,potential_irregular,ending heuristic (یل/ېدل/ستل)
وړوکی کېدل,potential_irregular,ending heuristic (یل/ېدل/ستل)
وړېدل,potential_irregular,ending heuristic (یل/ېدل/ستل)
وږمېدل,potential_irregular,ending heuristic (یل/ېدل/ستل)
وښېدل,potential_irregular,ending heuristic (یل/ېدل/ستل)
ویدېدل,potential_irregular,ending heuristic (یل/ېدل/ستل)
ویستل,potential_irregular,ending heuristic (یل/ېدل/ستل)
ویلي کېدل,potential_irregular,ending heuristic (یل/ېدل/ستل)
ویلې کېدل,potential_irregular,ending heuristic (یل/ېدل/ستل)
ویلېدل,potential_irregular,ending heuristic (یل/ېدل/ستل)
ویښېدل,potential_irregular,ending heuristic (یل/ېدل/ستل)
وېرېدل,potential_irregular,ending heuristic (یل/ېدل/ستل)
وېزارېدل,potential_irregular,ending heuristic (یل/ېدل/ستل)
ټالېدل,potential_irregular,ending heuristic (یل/ېدل/ستل)
ټانسل کېدل,potential_irregular,ending heuristic (یل/ېدل/ستل)
ټاټېدل,potential_irregular,ending heuristic (یل/ېدل/ستل)
ټسټ کېدل,potential_irregular,ending heuristic (یل/ېدل/ستل)
ټمبه کېدل,potential_irregular,ending heuristic (یل/ېدل/ستل)
ټنډېدل,potential_irregular,ending heuristic (یل/ېدل/ستل)
ټوخېدل,potential_irregular,ending heuristic (یل/ېدل/ستل)
ټولېدل,potential_irregular,ending heuristic (یل/ېدل/ستل)
ټونګرېیل,potential_irregular,ending heuristic (یل/ېدل/ستل)
ټوټه ټوټه کېدل,potential_irregular,ending heuristic (یل/ېدل/ستل)
ټوکېدل,potential_irregular,ending heuristic (یل/ېدل/ستل)
ټپرېدل,potential_irregular,ending heuristic (یل/ېدل/ستل)
ټکنی کېدل,potential_irregular,ending heuristic (یل/ېدل/ستل)
ټکېدل,potential_irregular,ending heuristic (یل/ېدل/ستل)
ټینګېدل,potential_irregular,ending heuristic (یل/ېدل/ستل)
ټیټېدل,potential_irregular,ending heuristic (یل/ېدل/ستل)
ټیپ کېدل,potential_irregular,ending heuristic (یل/ېدل/ستل)
ټیک کېدل,potential_irregular,ending heuristic (یل/ېدل/ستل)
ټېغ ایستل,potential_irregular,ending heuristic (یل/ېدل/ستل)
ټېکېدل,potential_irregular,ending heuristic (یل/ېدل/ستل)
پابندېدل,potential_irregular,ending heuristic (یل/ېدل/ستل)
پاته کېدل,potential_irregular,ending heuristic (یل/ېدل/ستل)
پاتې کېدل,potential_irregular,ending heuristic (یل/ېدل/ستل)
پاتېدل,potential_irregular,ending heuristic (یل/ېدل/ستل)
پارېدل,potential_irregular,ending heuristic (یل/ېدل/ستل)
پاشل کېدل,potential_irregular,ending heuristic (یل/ېدل/ستل)
پالش کېدل,potential_irregular,ending heuristic (یل/ېدل/ستل)
پاڅېدل,potential_irregular,ending heuristic (یل/ېدل/ستل)
پاکېدل,potential_irregular,ending heuristic (یل/ېدل/ستل)
پایمالېدل,potential_irregular,ending heuristic (یل/ېدل/ستل)
پتېیل,potential_irregular,ending heuristic (یل/ېدل/ستل)
پخسېدل,potential_irregular,ending heuristic (یل/ېدل/ستل)
پخلا کېدل,potential_irregular,ending heuristic (یل/ېدل/ستل)
پخېدل,potential_irregular,ending heuristic (یل/ېدل/ستل)
پراخېدل,potential_irregular,ending heuristic (یل/ېدل/ستل)
پرانستل,potential_irregular,ending heuristic (یل/ېدل/ستل)
پرانیستل,potential_irregular,ending heuristic (یل/ېدل/ستل)
پرتوګ ایستل,potential_irregular,ending heuristic (یل/ېدل/ستل)
پرزېدل,potential_irregular,ending heuristic (یل/ېدل/ستل)
پرشېدل,potential_irregular,ending heuristic (یل/ېدل/ستل)
پرنجېدل,potential_irregular,ending heuristic (یل/ېدل/ستل)
پرځېدل,potential_irregular,ending heuristic (یل/ېدل/ستل)
پرچېدل,potential_irregular,ending heuristic (یل/ېدل/ستل)
پرکالېدل,potential_irregular,ending heuristic (یل/ېدل/ستل)
پریړېدل,potential_irregular,ending heuristic (یل/ېدل/ستل)
پرې کېدل,potential_irregular,ending heuristic (یل/ېدل/ستل)
پرېشانه کېدل,potential_irregular,ending heuristic (یل/ېدل/ستل)
پرېشانېدل,potential_irregular,ending heuristic (یل/ېدل/ستل)
پس پا کېدل,potential_irregular,ending heuristic (یل/ېدل/ستل)
پستېدل,potential_irregular,ending heuristic (یل/ېدل/ستل)
پسخېدل,potential_irregular,ending heuristic (یل/ېدل/ستل)
پسې کېدل,potential_irregular,ending heuristic (یل/ېدل/ستل)
پسېدل,potential_irregular,ending heuristic (یل/ېدل/ستل)
پلانېدل,potential_irregular,ending heuristic (یل/ېدل/ستل)
پلنېدل,potential_irregular,ending heuristic (یل/ېدل/ستل)
پلیتېدل,potential_irregular,ending heuristic (یل/ېدل/ستل)
پلې کېدل,potential_irregular,ending heuristic (یل/ېدل/ستل)
پناه کېدل,potential_irregular,ending heuristic (یل/ېدل/ستل)
پنځېدل,potential_irregular,ending heuristic (یل/ېدل/ستل)
په تمه کېدل,potential_irregular,ending heuristic (یل/ېدل/ستل)
په سد کېدل,potential_irregular,ending heuristic (یل/ېدل/ستل)
پورته کېدل,potential_irregular,ending heuristic (یل/ېدل/ستل)
پوره کېدل,potential_irregular,ending heuristic (یل/ېدل/ستل)
پورې کېدل,potential_irregular,ending heuristic (یل/ېدل/ستل)
پورېدل,potential_irregular,ending heuristic (یل/ېدل/ستل)
پوستېدل,potential_irregular,ending heuristic (یل/ېدل/ستل)
پوهېدل,potential_irregular,ending heuristic (یل/ېدل/ستل)
پوپنا کېدل,potential_irregular,ending heuristic (یل/ېدل/ستل)
پوڅه کېدل,potential_irregular,ending heuristic (یل/ېدل/ستل)
پټېدل,potential_irregular,ending heuristic (یل/ېدل/ستل)
پڅېدل,potential_irregular,ending heuristic (یل/ېدل/ستل)
پړسېدل,potential_irregular,ending heuristic (یل/ېدل/ستل)
پړقېدل,potential_irregular,ending heuristic (یل/ېدل/ستل)
پړکېدل,potential_irregular,ending heuristic (یل/ېدل/ستل)
پښېمانه کېدل,potential_irregular,ending heuristic (یل/ېدل/ستل)
پکېدل,potential_irregular,ending heuristic (یل/ېدل/ستل)
پیدا کېدل,potential_irregular,ending heuristic (یل/ېدل/ستل)
پیلېدل,potential_irregular,ending heuristic (یل/ېدل/ستل)
پیمالېدل,potential_irregular,ending heuristic (یل/ېدل/ستل)
پیوند کېدل,potential_irregular,ending heuristic (یل/ېدل/ستل)
پیچیده کېدل,potential_irregular,ending heuristic (یل/ېدل/ستل)
پیکه کېدل,potential_irregular,ending heuristic (یل/ېدل/ستل)
پېدل,potential_irregular,ending heuristic (یل/ېدل/ستل)
پېش کېدل,potential_irregular,ending heuristic (یل/ېدل/ستل)
پېشنهادېدل,potential_irregular,ending heuristic (یل/ېدل/ستل)
پېچیده کېدل,potential_irregular,ending heuristic (یل/ېدل/ستل)
پېچېدل,potential_irregular,ending heuristic (یل/ېدل/ستل)
پېښېدل,potential_irregular,ending heuristic (یل/ېدل/ستل)
پېیل,potential_irregular,ending heuristic (یل/ېدل/ستل)
ځارېدل,potential_irregular,ending heuristic (یل/ېدل/ستل)
ځایېدل,potential_irregular,ending heuristic (یل/ېدل/ستل)
ځغاستل,potential_irregular,ending heuristic (یل/ېدل/ستل)
ځغستل,potential_irregular,ending heuristic (یل/ېدل/ستل)
ځغلېدل,potential_irregular,ending heuristic (یل/ېدل/ستل)
ځلبلاندېدل,potential_irregular,ending heuristic (یل/ېدل/ستل)
ځلېدل,potential_irregular,ending heuristic (یل/ېدل/ستل)
ځنبېدل,potential_irregular,ending heuristic (یل/ېدل/ستل)
ځنځیرېدل,potential_irregular,ending heuristic (یل/ېدل/ستل)
ځنډېدل,potential_irregular,ending heuristic (یل/ېدل/ستل)
ځنګېدل,potential_irregular,ending heuristic (یل/ېدل/ستل)
ځورېدل,potential_irregular,ending heuristic (یل/ېدل/ستل)
ځوړندېدل,potential_irregular,ending heuristic (یل/ېدل/ستل)
ځړېدل,potential_irregular,ending heuristic (یل/ېدل/ستل)
څارېدل,potential_irregular,ending heuristic (یل/ېدل/ستل)
څربېدل,potential_irregular,ending heuristic (یل/ېدل/ستل)
څرخېدل,potential_irregular,ending heuristic (یل/ېدل/ستل)
څرپېدل,potential_irregular,ending heuristic (یل/ېدل/ستل)
څرکېدل,potential_irregular,ending heuristic (یل/ېدل/ستل)
څرګنده کېدل,potential_irregular,ending heuristic (یل/ېدل/ستل)
څرګندېدل,potential_irregular,ending heuristic (یل/ېدل/ستل)
څرېدل,potential_irregular,ending heuristic (یل/ېدل/ستل)
څملاستل,potential_irregular,ending heuristic (یل/ېدل/ستل)
څوکرېیل,potential_irregular,ending heuristic (یل/ېدل/ستل)
څپېدل,potential_irregular,ending heuristic (یل/ېدل/ستل)
څڅېدل,potential_irregular,ending heuristic (یل/ېدل/ستل)
څښېدل,potential_irregular,ending heuristic (یل/ېدل/ستل)
څکېدل,potential_irregular,ending heuristic (یل/ېدل/ستل)
څیرېدل,potential_irregular,ending heuristic (یل/ېدل/ستل)
چاغېدل,potential_irregular,ending heuristic (یل/ېدل/ستل)
چالو کېدل,potential_irregular,ending heuristic (یل/ېدل/ستل)
چاودېدل,potential_irregular,ending heuristic (یل/ېدل/ستل)
چاپ کېدل,potential_irregular,ending heuristic (یل/ېدل/ستل)
چاپېدل,potential_irregular,ending heuristic (یل/ېدل/ستل)
چاپېره کېدل,potential_irregular,ending heuristic (یل/ېدل/ستل)
چاپېرېدل,potential_irregular,ending heuristic (یل/ېدل/ستل)
چاکېدل,potential_irregular,ending heuristic (یل/ېدل/ستل)
چخڼی کېدل,potential_irregular,ending heuristic (یل/ېدل/ستل)
چر کېدل,potential_irregular,ending heuristic (یل/ېدل/ستل)
چسپېدل,potential_irregular,ending heuristic (یل/ېدل/ستل)
چلېدل,potential_irregular,ending heuristic (یل/ېدل/ستل)
چنجنېدل,potential_irregular,ending heuristic (یل/ېدل/ستل)
چوخېدل,potential_irregular,ending heuristic (یل/ېدل/ستل)
چورلېدل,potential_irregular,ending heuristic (یل/ېدل/ستل)
چونګېدل,potential_irregular,ending heuristic (یل/ېدل/ستل)
چوپ کېدل,potential_irregular,ending heuristic (یل/ېدل/ستل)
چوڼېدل,potential_irregular,ending heuristic (یل/ېدل/ستل)
چټلېدل,potential_irregular,ending heuristic (یل/ېدل/ستل)
چټېدل,potential_irregular,ending heuristic (یل/ېدل/ستل)
چپ کېدل,potential_irregular,ending heuristic (یل/ېدل/ستل)
چپېدل,potential_irregular,ending heuristic (یل/ېدل/ستل)
چک کېدل,potential_irregular,ending heuristic (یل/ېدل/ستل)
چڼکاوېدل,potential_irregular,ending heuristic (یل/ېدل/ستل)
چیتېدل,potential_irregular,ending heuristic (یل/ېدل/ستل)
چینګېدل,potential_irregular,ending heuristic (یل/ېدل/ستل)
چیچړېدل,potential_irregular,ending heuristic (یل/ېدل/ستل)
چېک کېدل,potential_irregular,ending heuristic (یل/ېدل/ستل)
ډالېدل,potential_irregular,ending heuristic (یل/ېدل/ستل)
ډامبرېدل,potential_irregular,ending heuristic (یل/ېدل/ستل)
ډاډه کېدل,potential_irregular,ending heuristic (یل/ېدل/ستل)
ډبرېدل,potential_irregular,ending heuristic (یل/ېدل/ستل)
ډزېدل,potential_irregular,ending heuristic (یل/ېدل/ستل)
ډنګرېدل,potential_irregular,ending heuristic (یل/ېدل/ستل)
ډنګېدل,potential_irregular,ending heuristic (یل/ېدل/ستل)
ډوبېدل,potential_irregular,ending heuristic (یل/ېدل/ستل)
ډونګېدل,potential_irregular,ending heuristic (یل/ېدل/ستل)
ډکېدل,potential_irregular,ending heuristic (یل/ېدل/ستل)
ډیجیټلېدل,potential_irregular,ending heuristic (یل/ېدل/ستل)
ډېرېدل,potential_irregular,ending heuristic (یل/ېدل/ستل)
ړندېدل,potential_irregular,ending heuristic (یل/ېدل/ستل)
ړنګېدل,potential_irregular,ending heuristic (یل/ېدل/ستل)
ړوندېدل,potential_irregular,ending heuristic (یل/ېدل/ستل)
ږمنځېدل,potential_irregular,ending heuristic (یل/ېدل/ستل)
ژدویل,potential_irregular,ending heuristic (یل/ېدل/ستل)
ژوبلېدل,potential_irregular,ending heuristic (یل/ېدل/ستل)
ژړېدل,potential_irregular,ending heuristic (یل/ېدل/ستل)
ښادېدل,potential_irregular,ending heuristic (یل/ېدل/ستل)
ښایسته کېدل,potential_irregular,ending heuristic (یل/ېدل/ستل)
ښخېدل,potential_irregular,ending heuristic (یل/ېدل/ستل)
ښه کېدل,potential_irregular,ending heuristic (یل/ېدل/ستل)
ښورېدل,potential_irregular,ending heuristic (یل/ېدل/ستل)
ښویېدل,potential_irregular,ending heuristic (یل/ېدل/ستل)
ښوېدل,potential_irregular,ending heuristic (یل/ېدل/ستل)
ښکاره کېدل,potential_irregular,ending heuristic (یل/ېدل/ستل)
ښکارېدل,potential_irregular,ending heuristic (یل/ېدل/ستل)
ښکته کېدل,potential_irregular,ending heuristic (یل/ېدل/ستل)
ښکلی کېدل,potential_irregular,ending heuristic (یل/ېدل/ستل)
ښکېل کېدل,potential_irregular,ending heuristic (یل/ېدل/ستل)
ښیل,potential_irregular,ending heuristic (یل/ېدل/ستل)
ښېرازېدل,potential_irregular,ending heuristic (یل/ېدل/ستل)
کابو کېدل,potential_irregular,ending heuristic (یل/ېدل/ستل)
کارېدل,potential_irregular,ending heuristic (یل/ېدل/ستل)
کامیابېدل,potential_irregular,ending heuristic (یل/ېدل/ستل)
کاوړېدل,potential_irregular,ending heuristic (یل/ېدل/ستل)
کبابېدل,potential_irregular,ending heuristic (یل/ېدل/ستل)
کت کېدل,potential_irregular,ending heuristic (یل/ېدل/ستل)
کته کېدل,potential_irregular,ending heuristic (یل/ېدل/ستل)
کجاوې ویل,potential_irregular,ending heuristic (یل/ېدل/ستل)
کرپېدل,potential_irregular,ending heuristic (یل/ېدل/ستل)
کرړېدل,potential_irregular,ending heuristic (یل/ېدل/ستل)
کسکرېدل,potential_irregular,ending heuristic (یل/ېدل/ستل)
کش کېدل,potential_irregular,ending heuristic (یل/ېدل/ستل)
کشفېدل,potential_irregular,ending heuristic (یل/ېدل/ستل)
کشېدل,potential_irregular,ending heuristic (یل/ېدل/ستل)
کفر ویل,potential_irregular,ending heuristic (یل/ېدل/ستل)
کلوچېدل,potential_irregular,ending heuristic (یل/ېدل/ستل)
کلکېدل,potential_irregular,ending heuristic (یل/ېدل/ستل)
کلېدل,potential_irregular,ending heuristic (یل/ېدل/ستل)
کمزورېدل,potential_irregular,ending heuristic (یل/ېدل/ستل)
کمېدل,potential_irregular,ending heuristic (یل/ېدل/ستل)
کنده کېدل,potential_irregular,ending heuristic (یل/ېدل/ستل)
کنټرولېدل,potential_irregular,ending heuristic (یل/ېدل/ستل)
کنډوېدل,potential_irregular,ending heuristic (یل/ېدل/ستل)
کنګالېدل,potential_irregular,ending heuristic (یل/ېدل/ستل)
کنګلېدل,potential_irregular,ending heuristic (یل/ېدل/ستل)
کورړېدل,potential_irregular,ending heuristic (یل/ېدل/ستل)
کوزېدل,potential_irregular,ending heuristic (یل/ېدل/ستل)
کولاوېدل,potential_irregular,ending heuristic (یل/ېدل/ستل)
کولېدل,potential_irregular,ending heuristic (یل/ېدل/ستل)
کومڼېدل,potential_irregular,ending heuristic (یل/ېدل/ستل)
کونډېدل,potential_irregular,ending heuristic (یل/ېدل/ستل)
کوچېدل,potential_irregular,ending heuristic (یل/ېدل/ستل)
کوړېدل,potential_irregular,ending heuristic (یل/ېدل/ستل)
کوکېدل,potential_irregular,ending heuristic (یل/ېدل/ستل)
کویل,potential_irregular,ending heuristic (یل/ېدل/ستل)
کوېدل,potential_irregular,ending heuristic (یل/ېدل/ستل)
کټ کېدل,potential_irregular,ending heuristic (یل/ېدل/ستل)
کټارېدل,potential_irregular,ending heuristic (یل/ېدل/ستل)
کړمنېدل,potential_irregular,ending heuristic (یل/ېدل/ستل)
کړمېدل,potential_irregular,ending heuristic (یل/ېدل/ستل)
کړنګېدل,potential_irregular,ending heuristic (یل/ېدل/ستل)
کړوپېدل,potential_irregular,ending heuristic (یل/ېدل/ستل)
کړېدل,potential_irregular,ending heuristic (یل/ېدل/ستل)
کږېدل,potential_irregular,ending heuristic (یل/ېدل/ستل)
کښته کېدل,potential_irregular,ending heuristic (یل/ېدل/ستل)
کښېناستل,potential_irregular,ending heuristic (یل/ېدل/ستل)
ککړېدل,potential_irregular,ending heuristic (یل/ېدل/ستل)
کڼېدل,potential_irregular,ending heuristic (یل/ېدل/ستل)
کیسه ویل,potential_irregular,ending heuristic (یل/ېدل/ستل)
کېناستل,potential_irregular,ending heuristic (یل/ېدل/ستل)
کېناستېدل,potential_irregular,ending heuristic (یل/ېدل/ستل)
ګارېدل,potential_irregular,ending heuristic (یل/ېدل/ستل)
ګانې ویل,potential_irregular,ending heuristic (یل/ېدل/ستل)
ګران کېدل,potential_irregular,ending heuristic (یل/ېدل/ستل)
ګردان کېدل,potential_irregular,ending heuristic (یل/ېدل/ستل)
ګردانېدل,potential_irregular,ending heuristic (یل/ېدل/ستل)
ګرزېدل,potential_irregular,ending heuristic (یل/ېدل/ستل)
ګرفتارېدل,potential_irregular,ending heuristic (یل/ېدل/ستل)
ګرمېدل,potential_irregular,ending heuristic (یل/ېدل/ستل)
ګروهېدل,potential_irregular,ending heuristic (یل/ېدل/ستل)
ګرځېدل,potential_irregular,ending heuristic (یل/ېدل/ستل)
ګرړېدل,potential_irregular,ending heuristic (یل/ېدل/ستل)
ګرېدل,potential_irregular,ending heuristic (یل/ېدل/ستل)
ګمراه کېدل,potential_irregular,ending heuristic (یل/ېدل/ستل)
ګنجېدل,potential_irregular,ending heuristic (یل/ېدل/ستل)
ګنسېدل,potential_irregular,ending heuristic (یل/ېدل/ستل)
ګنګسېدل,potential_irregular,ending heuristic (یل/ېدل/ستل)
ګورېدل,potential_irregular,ending heuristic (یل/ېدل/ستل)
ګوزارېدل,potential_irregular,ending heuristic (یل/ېدل/ستل)
ګوټېدل,potential_irregular,ending heuristic (یل/ېدل/ستل)
ګوډېدل,potential_irregular,ending heuristic (یل/ېدل/ستل)
ګوښه کېدل,potential_irregular,ending heuristic (یل/ېدل/ستل)
ګوڼېدل,potential_irregular,ending heuristic (یل/ېدل/ستل)
ګچه کېدل,potential_irregular,ending heuristic (یل/ېدل/ستل)
ګډوډېدل,potential_irregular,ending heuristic (یل/ېدل/ستل)
ګډېدل,potential_irregular,ending heuristic (یل/ېدل/ستل)
ګیرېدل,potential_irregular,ending heuristic (یل/ېدل/ستل)
ګېر چاپېره کېدل,potential_irregular,ending heuristic (یل/ېدل/ستل)
یادېدل,potential_irregular,ending heuristic (یل/ېدل/ستل)
یخېدل,potential_irregular,ending heuristic (یل/ېدل/ستل)
یرېدل,potential_irregular,ending heuristic (یل/ېدل/ستل)
یقیني کېدل,potential_irregular,ending heuristic (یل/ېدل/ستل)
یو شان کېدل,potential_irregular,ending heuristic (یل/ېدل/ستل)
یو ځای کېدل,potential_irregular,ending heuristic (یل/ېدل/ستل)
یوهومره کېدل,potential_irregular,ending heuristic (یل/ېدل/ستل)
یوځای کېدل,potential_irregular,ending heuristic (یل/ېدل/ستل)
یوې کېدل,potential_irregular,ending heuristic (یل/ېدل/ستل)
یېرېدل,potential_irregular,ending heuristic (یل/ېدل/ستل)
ویل,speech_say,stems وای-/ووای-
راوړل,transport_bring,derived bring; both roots راوړل
وړل,transport_carry,irregular perfective ووړ-
بوتلل,transport_pull_out,multiple stems بیای-/بوځ-
